date,inbound_traffic,unique_visitors,avg_session_duration
2018-01-01,508,376,75.63
2018-01-02,3281,2987,339.74
2018-01-03,4286,2439,261.68
2018-01-04,4163,3605,38.98
2018-01-05,185,126,137.84
2018-01-06,4348,3848,537.31
2018-01-07,3462,2040,293.69
2018-01-08,1302,676,501.94
2018-01-09,221,91,376.64
2018-01-10,3155,2086,176.27
2018-01-11,2896,2218,526.61
2018-01-12,4384,1008,189.07
2018-01-13,4099,2173,545.51
2018-01-14,957,474,254.8
2018-01-15,3014,2550,68.86
2018-01-16,3803,620,313.56
2018-01-17,2468,377,267.71
2018-01-18,3909,2748,417.18
2018-01-19,3350,1586,394.74
2018-01-20,4982,597,45.28
2018-01-21,3369,3071,55.08
2018-01-22,3537,2731,535.5
2018-01-23,2397,1561,89.85
2018-01-24,3792,451,326.07
2018-01-25,4026,1911,545.05
2018-01-26,3239,2818,146.97
2018-01-27,2445,2019,443.54
2018-01-28,4751,121,157.72
2018-01-29,2504,772,551.28
2018-01-30,3378,1876,167.43
2018-01-31,1704,1605,237.93
2018-02-01,1138,610,235.25
2018-02-02,1288,293,52.79
2018-02-03,4877,1452,352.72
2018-02-04,3088,2913,289.81
2018-02-05,433,73,519.92
2018-02-06,613,216,54.32
2018-02-07,4219,799,595.34
2018-02-08,3334,2209,46.1
2018-02-09,3546,3497,147.61
2018-02-10,361,278,328.38
2018-02-11,358,122,123.1
2018-02-12,151,61,534.25
2018-02-13,1826,1579,296.7
2018-02-14,3304,1878,283.39
2018-02-15,2806,79,466.81
2018-02-16,3074,290,509.22
2018-02-17,4779,3987,161.69
2018-02-18,2881,664,464.74
2018-02-19,3791,1228,463.5
2018-02-20,2892,217,107.82
2018-02-21,1604,1165,585.58
2018-02-22,4452,3271,168.84
2018-02-23,2976,2727,401.98
2018-02-24,3374,126,295.58
2018-02-25,4297,3020,329.69
2018-02-26,704,556,532.33
2018-02-27,1595,87,177.22
2018-02-28,4975,3773,100.28
2018-03-01,3146,1500,49.24
2018-03-02,4079,2541,77.44
2018-03-03,4447,522,506.6
2018-03-04,3539,3032,182.47
2018-03-05,3153,219,511.78
2018-03-06,4727,1330,373.53
2018-03-07,4950,2772,184.53
2018-03-08,2000,701,160.08
2018-03-09,898,246,161.54
2018-03-10,2807,997,408.88
2018-03-11,1834,1096,59.09
2018-03-12,488,354,375.47
2018-03-13,4099,713,317.19
2018-03-14,1454,561,367.93
2018-03-15,3661,3072,268.01
2018-03-16,3733,313,31.18
2018-03-17,3089,2709,127.97
2018-03-18,266,184,420.4
2018-03-19,3835,2040,410.55
2018-03-20,1920,1300,495.73
2018-03-21,2688,295,485.33
2018-03-22,1109,430,77.18
2018-03-23,2068,1143,597.52
2018-03-24,4110,1929,441.67
2018-03-25,3453,1659,599.74
2018-03-26,4076,1789,42.15
2018-03-27,2422,690,460.74
2018-03-28,4502,4076,63.16
2018-03-29,592,70,444.37
2018-03-30,2286,2048,582.09
2018-03-31,3562,2527,345.0
2018-04-01,4958,2638,575.0
2018-04-02,4409,4353,461.99
2018-04-03,2184,372,179.27
2018-04-04,3443,2568,171.73
2018-04-05,3500,475,92.07
2018-04-06,1888,1280,120.77
2018-04-07,3111,2948,278.26
2018-04-08,4814,3615,201.55
2018-04-09,2022,675,239.36
2018-04-10,1306,92,449.1
2018-04-11,3024,2180,443.0
2018-04-12,2651,755,287.25
2018-04-13,3351,1234,278.43
2018-04-14,297,236,490.04
2018-04-15,3403,1549,589.24
2018-04-16,4480,3461,545.87
2018-04-17,2532,601,529.19
2018-04-18,3263,975,173.82
2018-04-19,2294,1994,488.73
2018-04-20,3336,2360,471.24
2018-04-21,962,879,264.93
2018-04-22,4499,1307,80.11
2018-04-23,1614,1573,324.0
2018-04-24,3157,700,174.84
2018-04-25,1168,390,215.33
2018-04-26,2223,1416,381.6
2018-04-27,1021,700,535.7
2018-04-28,201,51,350.96
2018-04-29,4458,82,365.51
2018-04-30,4929,3070,567.4
2018-05-01,2003,600,310.98
2018-05-02,1022,216,415.43
2018-05-03,4062,2632,224.7
2018-05-04,3315,2366,161.94
2018-05-05,304,302,214.81
2018-05-06,4746,4312,588.14
2018-05-07,3863,563,334.65
2018-05-08,1288,792,349.09
2018-05-09,1857,967,309.93
2018-05-10,1980,886,428.94
2018-05-11,4520,4150,128.51
2018-05-12,2372,2142,110.97
2018-05-13,3728,1092,120.09
2018-05-14,1878,1330,159.38
2018-05-15,3050,864,261.53
2018-05-16,4592,371,130.69
2018-05-17,4009,2593,268.66
2018-05-18,3514,845,272.18
2018-05-19,2504,860,355.17
2018-05-20,1591,1267,385.08
2018-05-21,2646,2424,579.88
2018-05-22,4702,4326,113.47
2018-05-23,3931,2961,240.71
2018-05-24,3211,3008,388.24
2018-05-25,3788,2803,348.08
2018-05-26,1086,857,80.22
2018-05-27,1224,390,461.81
2018-05-28,4666,4069,341.4
2018-05-29,2486,209,513.45
2018-05-30,2639,318,144.31
2018-05-31,2131,1286,279.83
2018-06-01,4359,3822,586.16
2018-06-02,3248,1586,527.59
2018-06-03,3156,354,208.84
2018-06-04,1096,374,477.8
2018-06-05,989,105,544.49
2018-06-06,2908,895,272.52
2018-06-07,230,142,239.19
2018-06-08,657,599,572.66
2018-06-09,4364,2913,324.38
2018-06-10,253,208,315.21
2018-06-11,4608,1623,192.5
2018-06-12,1163,98,167.61
2018-06-13,3407,2192,185.76
2018-06-14,4634,1587,106.04
2018-06-15,1547,563,406.04
2018-06-16,3473,3152,95.96
2018-06-17,1431,533,175.08
2018-06-18,3729,1388,230.7
2018-06-19,3660,1633,470.34
2018-06-20,1237,561,529.28
2018-06-21,2467,2292,536.36
2018-06-22,3139,1035,55.6
2018-06-23,1532,1275,312.63
2018-06-24,865,537,579.9
2018-06-25,4844,3647,491.64
2018-06-26,569,507,330.35
2018-06-27,584,129,498.88
2018-06-28,707,614,248.27
2018-06-29,2491,948,114.11
2018-06-30,4013,2144,437.85
2018-07-01,2121,113,574.5
2018-07-02,1680,453,281.39
2018-07-03,760,280,78.8
2018-07-04,3886,1256,349.19
2018-07-05,3283,2420,41.69
2018-07-06,290,66,291.02
2018-07-07,3934,2657,44.24
2018-07-08,2335,704,344.62
2018-07-09,4200,2120,576.82
2018-07-10,694,385,580.01
2018-07-11,3309,1083,370.49
2018-07-12,1976,817,142.62
2018-07-13,4023,1327,249.87
2018-07-14,1251,996,386.91
2018-07-15,2264,1122,34.13
2018-07-16,333,176,368.39
2018-07-17,4164,2247,129.56
2018-07-18,4094,843,244.99
2018-07-19,4675,1019,316.27
2018-07-20,212,190,521.28
2018-07-21,743,224,584.39
2018-07-22,2036,577,490.68
2018-07-23,1539,350,354.71
2018-07-24,458,244,111.61
2018-07-25,4144,346,121.26
2018-07-26,326,191,542.37
2018-07-27,3740,3126,238.74
2018-07-28,4257,2051,463.24
2018-07-29,4528,3044,41.36
2018-07-30,3108,205,481.33
2018-07-31,1554,864,330.3
2018-08-01,4124,740,162.82
2018-08-02,1171,102,454.12
2018-08-03,4066,2115,546.29
2018-08-04,240,204,233.27
2018-08-05,2494,2188,306.23
2018-08-06,4855,4478,123.23
2018-08-07,136,104,552.48
2018-08-08,3186,1491,376.89
2018-08-09,2373,290,474.27
2018-08-10,1172,498,127.0
2018-08-11,3901,2003,88.26
2018-08-12,155,122,128.86
2018-08-13,2779,340,77.42
2018-08-14,358,279,314.48
2018-08-15,740,424,36.76
2018-08-16,3674,1296,218.45
2018-08-17,580,515,266.47
2018-08-18,1116,599,444.62
2018-08-19,2698,399,521.54
2018-08-20,2702,2094,293.96
2018-08-21,4170,3852,572.72
2018-08-22,486,465,451.92
2018-08-23,1861,586,245.92
2018-08-24,3640,2178,204.27
2018-08-25,705,488,45.77
2018-08-26,4355,4164,76.2
2018-08-27,2827,247,338.43
2018-08-28,2770,553,123.32
2018-08-29,919,596,187.53
2018-08-30,1800,1258,497.57
2018-08-31,2083,677,478.99
2018-09-01,1011,433,506.92
2018-09-02,2714,1742,451.22
2018-09-03,301,288,474.71
2018-09-04,4917,1337,73.07
2018-09-05,1749,523,298.51
2018-09-06,3768,632,101.07
2018-09-07,2852,1402,186.82
2018-09-08,4904,705,49.17
2018-09-09,4086,1362,541.52
2018-09-10,1832,1020,371.63
2018-09-11,3780,1707,78.78
2018-09-12,4528,2270,69.23
2018-09-13,4313,644,582.8
2018-09-14,3059,1636,263.85
2018-09-15,4923,1353,550.52
2018-09-16,2067,796,524.37
2018-09-17,3860,3485,35.94
2018-09-18,2931,1758,496.76
2018-09-19,2931,2740,59.53
2018-09-20,2456,939,307.88
2018-09-21,3944,2678,455.32
2018-09-22,4174,1736,342.69
2018-09-23,1254,618,292.45
2018-09-24,4975,3104,61.31
2018-09-25,916,870,97.32
2018-09-26,3726,1737,541.55
2018-09-27,1734,1470,157.78
2018-09-28,4870,3532,377.32
2018-09-29,755,669,202.13
2018-09-30,1019,154,220.08
2018-10-01,919,797,353.77
2018-10-02,902,694,406.83
2018-10-03,677,135,470.24
2018-10-04,2060,87,133.31
2018-10-05,2954,818,247.52
2018-10-06,3796,180,179.93
2018-10-07,3451,1368,128.58
2018-10-08,2204,92,489.23
2018-10-09,2583,1879,131.41
2018-10-10,1281,347,219.39
2018-10-11,3304,3012,382.93
2018-10-12,923,142,224.3
2018-10-13,3220,1310,38.39
2018-10-14,510,249,391.47
2018-10-15,2708,2355,301.57
2018-10-16,1446,1152,231.79
2018-10-17,2218,1911,310.96
2018-10-18,4395,3088,81.8
2018-10-19,2772,2088,190.11
2018-10-20,4746,4372,507.68
2018-10-21,397,254,385.96
2018-10-22,3890,681,159.37
2018-10-23,4994,2197,196.63
2018-10-24,543,238,137.07
2018-10-25,1721,1188,132.38
2018-10-26,3492,1682,270.86
2018-10-27,1613,997,115.95
2018-10-28,4054,1226,80.72
2018-10-29,214,66,216.9
2018-10-30,1917,236,241.36
2018-10-31,3210,2454,360.05
2018-11-01,1544,346,408.0
2018-11-02,3276,1127,418.01
2018-11-03,2809,2045,393.94
2018-11-04,1893,364,239.08
2018-11-05,1425,159,143.12
2018-11-06,4096,3410,32.92
2018-11-07,1872,1511,69.6
2018-11-08,537,334,394.36
2018-11-09,3825,1455,96.23
2018-11-10,4434,1613,525.31
2018-11-11,3696,1429,513.83
2018-11-12,4689,78,427.31
2018-11-13,2049,1637,599.52
2018-11-14,533,299,509.81
2018-11-15,4120,2830,182.27
2018-11-16,4073,260,76.74
2018-11-17,630,614,452.61
2018-11-18,1724,238,207.33
2018-11-19,4843,3643,48.76
2018-11-20,2614,2556,371.44
2018-11-21,3722,979,65.96
2018-11-22,3812,1160,368.76
2018-11-23,2906,935,567.77
2018-11-24,615,172,464.02
2018-11-25,2549,1845,346.09
2018-11-26,4499,1461,184.2
2018-11-27,1591,425,51.64
2018-11-28,4963,3322,318.64
2018-11-29,273,66,207.13
2018-11-30,3949,2929,274.56
2018-12-01,1643,145,91.08
2018-12-02,2739,2122,180.62
2018-12-03,442,290,368.56
2018-12-04,1095,202,481.96
2018-12-05,3665,2530,258.12
2018-12-06,4783,4051,463.86
2018-12-07,2566,487,543.22
2018-12-08,3845,2116,375.17
2018-12-09,3807,3792,297.99
2018-12-10,630,148,577.32
2018-12-11,2533,877,270.05
2018-12-12,1139,543,187.18
2018-12-13,1725,587,116.69
2018-12-14,1075,71,557.93
2018-12-15,2049,887,267.87
2018-12-16,4012,2748,488.3
2018-12-17,3254,956,69.5
2018-12-18,2582,922,408.99
2018-12-19,1156,769,94.06
2018-12-20,2368,639,538.72
2018-12-21,4669,439,360.39
2018-12-22,1354,770,565.59
2018-12-23,4671,4633,522.99
2018-12-24,4723,2049,429.18
2018-12-25,2947,719,321.4
2018-12-26,4502,2772,421.26
2018-12-27,925,499,48.55
2018-12-28,212,98,455.66
2018-12-29,2191,416,489.89
2018-12-30,4236,823,85.25
2018-12-31,1058,333,457.3
2019-01-01,2163,1730,482.34
2019-01-02,705,115,483.83
2019-01-03,2429,2106,341.28
2019-01-04,4924,2504,105.11
2019-01-05,1283,1209,121.77
2019-01-06,2825,2371,206.54
2019-01-07,2565,910,226.81
2019-01-08,3269,560,323.35
2019-01-09,331,147,337.42
2019-01-10,1024,186,431.66
2019-01-11,985,341,477.18
2019-01-12,2915,2612,428.27
2019-01-13,4351,454,590.59
2019-01-14,415,344,42.92
2019-01-15,1341,269,585.14
2019-01-16,3674,1203,460.34
2019-01-17,3243,1592,477.92
2019-01-18,3937,3803,193.78
2019-01-19,4569,873,80.59
2019-01-20,4108,3526,39.79
2019-01-21,1861,1140,147.43
2019-01-22,2414,1179,52.39
2019-01-23,1718,141,201.79
2019-01-24,1515,956,55.58
2019-01-25,1345,162,177.71
2019-01-26,1524,852,363.45
2019-01-27,343,222,289.44
2019-01-28,3527,1846,374.24
2019-01-29,557,127,168.84
2019-01-30,3269,337,79.78
2019-01-31,2331,283,501.95
2019-02-01,989,772,205.25
2019-02-02,1614,701,335.77
2019-02-03,2490,904,223.65
2019-02-04,514,477,540.71
2019-02-05,2582,219,52.62
2019-02-06,4768,4331,218.11
2019-02-07,3946,1261,560.05
2019-02-08,522,232,247.21
2019-02-09,4350,749,49.01
2019-02-10,210,128,412.2
2019-02-11,547,81,106.91
2019-02-12,415,84,326.57
2019-02-13,2552,2167,532.21
2019-02-14,4968,4562,171.78
2019-02-15,3124,1591,91.97
2019-02-16,1156,546,276.25
2019-02-17,2725,2197,399.79
2019-02-18,1847,1712,304.24
2019-02-19,3514,1617,448.69
2019-02-20,2612,1840,82.52
2019-02-21,4672,2155,441.38
2019-02-22,1970,142,463.41
2019-02-23,3072,1474,519.93
2019-02-24,3137,1090,279.09
2019-02-25,2386,1348,429.62
2019-02-26,1849,563,47.0
2019-02-27,668,668,148.95
2019-02-28,4483,1404,404.23
2019-03-01,3444,2482,394.01
2019-03-02,3329,2473,127.76
2019-03-03,1845,928,378.12
2019-03-04,891,395,301.88
2019-03-05,1121,279,352.9
2019-03-06,1978,1758,598.06
2019-03-07,3563,1138,393.74
2019-03-08,1231,189,89.07
2019-03-09,4820,4642,538.61
2019-03-10,3814,893,514.93
2019-03-11,4414,214,444.41
2019-03-12,600,63,392.47
2019-03-13,4814,624,243.33
2019-03-14,1308,431,308.37
2019-03-15,985,306,473.86
2019-03-16,2869,2086,92.59
2019-03-17,3570,2446,171.97
2019-03-18,4894,826,229.37
2019-03-19,4955,1638,125.55
2019-03-20,1967,1429,117.83
2019-03-21,4735,1451,496.63
2019-03-22,4842,1462,329.56
2019-03-23,386,205,562.22
2019-03-24,1093,364,49.21
2019-03-25,2053,1822,584.8
2019-03-26,1229,908,223.36
2019-03-27,3111,462,395.32
2019-03-28,1933,377,390.81
2019-03-29,1194,686,495.12
2019-03-30,3352,1954,518.23
2019-03-31,2668,2480,506.43
2019-04-01,1824,1042,569.81
2019-04-02,3049,1676,252.0
2019-04-03,711,90,73.96
2019-04-04,2180,2168,541.16
2019-04-05,750,111,250.04
2019-04-06,3280,1215,117.22
2019-04-07,1137,329,431.8
2019-04-08,3711,3263,406.53
2019-04-09,3675,750,565.36
2019-04-10,202,66,250.38
2019-04-11,1349,906,286.92
2019-04-12,3099,2711,590.9
2019-04-13,3891,1710,164.06
2019-04-14,1786,1060,488.3
2019-04-15,769,342,83.97
2019-04-16,2217,1742,207.84
2019-04-17,349,254,168.37
2019-04-18,389,304,48.17
2019-04-19,1684,1105,357.61
2019-04-20,2479,977,33.52
2019-04-21,4181,970,501.19
2019-04-22,376,188,386.46
2019-04-23,2916,2428,577.62
2019-04-24,4316,2998,401.6
2019-04-25,3332,1515,451.32
2019-04-26,4229,564,573.38
2019-04-27,1823,672,411.09
2019-04-28,1178,132,376.59
2019-04-29,4691,3553,515.6
2019-04-30,2217,1790,462.87
2019-05-01,4007,944,372.56
2019-05-02,1948,1167,209.94
2019-05-03,379,108,369.95
2019-05-04,3830,2505,231.84
2019-05-05,1137,85,356.58
2019-05-06,4313,4088,478.72
2019-05-07,4313,3447,582.49
2019-05-08,4644,982,218.65
2019-05-09,621,537,250.77
2019-05-10,2097,1989,446.82
2019-05-11,3567,1403,598.71
2019-05-12,2036,622,553.07
2019-05-13,2692,1402,319.22
2019-05-14,3833,373,555.07
2019-05-15,274,161,412.07
2019-05-16,116,79,166.08
2019-05-17,4411,4319,260.66
2019-05-18,3233,3140,367.13
2019-05-19,3734,1356,559.76
2019-05-20,4954,871,134.2
2019-05-21,717,97,194.74
2019-05-22,4021,513,89.49
2019-05-23,3490,1400,100.72
2019-05-24,2582,1806,457.38
2019-05-25,620,514,178.82
2019-05-26,3012,1003,100.74
2019-05-27,3921,2487,96.3
2019-05-28,834,165,544.66
2019-05-29,2462,1693,420.28
2019-05-30,354,99,297.85
2019-05-31,2426,153,92.35
2019-06-01,2977,2785,100.83
2019-06-02,4846,3727,320.39
2019-06-03,2024,2000,210.5
2019-06-04,4761,2759,219.94
2019-06-05,4813,811,451.07
2019-06-06,3032,1454,422.24
2019-06-07,3362,2197,225.69
2019-06-08,162,60,359.61
2019-06-09,112,68,70.47
2019-06-10,2887,1628,538.59
2019-06-11,2085,1120,128.4
2019-06-12,2378,1919,98.47
2019-06-13,2133,1270,270.23
2019-06-14,1461,1003,394.31
2019-06-15,3588,318,353.19
2019-06-16,102,63,314.0
2019-06-17,1597,780,138.28
2019-06-18,2815,1022,593.12
2019-06-19,3051,2374,72.8
2019-06-20,3526,2115,181.01
2019-06-21,3708,1337,252.81
2019-06-22,3922,2989,84.44
2019-06-23,1034,171,505.12
2019-06-24,141,138,194.58
2019-06-25,1381,1005,568.14
2019-06-26,1327,527,300.99
2019-06-27,817,600,313.36
2019-06-28,2401,2104,520.65
2019-06-29,956,476,30.86
2019-06-30,3668,1419,592.45
2019-07-01,4655,2871,549.36
2019-07-02,3344,982,314.1
2019-07-03,4434,521,384.45
2019-07-04,2522,1700,497.88
2019-07-05,3106,248,460.27
2019-07-06,784,524,443.11
2019-07-07,3464,2525,198.66
2019-07-08,1138,421,418.05
2019-07-09,454,399,89.95
2019-07-10,4488,781,196.88
2019-07-11,4421,367,268.78
2019-07-12,4391,2070,528.01
2019-07-13,1744,1019,330.32
2019-07-14,384,104,594.16
2019-07-15,3362,2564,107.86
2019-07-16,4083,151,217.21
2019-07-17,3437,2251,325.74
2019-07-18,460,331,53.78
2019-07-19,266,222,231.2
2019-07-20,3546,806,346.04
2019-07-21,1334,897,501.97
2019-07-22,4621,1347,218.75
2019-07-23,4305,983,138.2
2019-07-24,4805,4692,381.48
2019-07-25,3626,1979,501.98
2019-07-26,400,145,60.1
2019-07-27,3087,1025,233.94
2019-07-28,1415,953,395.11
2019-07-29,4857,3747,564.49
2019-07-30,4079,1372,435.11
2019-07-31,2311,1523,65.32
2019-08-01,3165,3141,146.51
2019-08-02,3092,782,315.15
2019-08-03,1024,981,462.54
2019-08-04,2864,742,428.16
2019-08-05,2019,707,562.54
2019-08-06,1675,755,545.13
2019-08-07,319,83,51.15
2019-08-08,4895,4257,589.11
2019-08-09,198,146,93.76
2019-08-10,3354,2737,182.17
2019-08-11,3159,1430,394.5
2019-08-12,1086,687,61.68
2019-08-13,2630,577,367.43
2019-08-14,3712,1343,482.63
2019-08-15,3538,2214,490.02
2019-08-16,1203,935,346.2
2019-08-17,1860,1745,380.37
2019-08-18,3386,1029,494.42
2019-08-19,3272,2139,283.56
2019-08-20,3497,1097,97.82
2019-08-21,113,55,213.58
2019-08-22,4504,2485,240.51
2019-08-23,1914,1010,226.9
2019-08-24,1811,1589,382.63
2019-08-25,4399,2813,212.53
2019-08-26,1165,725,165.33
2019-08-27,1934,1891,79.48
2019-08-28,2041,1680,85.86
2019-08-29,4111,1361,391.41
2019-08-30,1623,571,217.51
2019-08-31,2447,983,306.26
2019-09-01,1262,605,435.54
2019-09-02,3267,602,410.11
2019-09-03,2342,2257,527.28
2019-09-04,2232,1070,142.13
2019-09-05,972,795,513.93
2019-09-06,907,575,336.38
2019-09-07,4557,1963,220.0
2019-09-08,4702,2904,40.35
2019-09-09,493,296,199.17
2019-09-10,2131,1937,581.94
2019-09-11,1806,130,423.22
2019-09-12,4495,1778,453.57
2019-09-13,107,77,202.32
2019-09-14,1852,538,341.12
2019-09-15,2334,1478,379.8
2019-09-16,2004,914,469.15
2019-09-17,4625,1043,330.17
2019-09-18,2932,419,426.55
2019-09-19,1983,757,78.78
2019-09-20,3837,2762,129.92
2019-09-21,466,174,432.75
2019-09-22,4408,3317,580.85
2019-09-23,1081,668,240.93
2019-09-24,846,629,79.72
2019-09-25,1559,884,474.21
2019-09-26,409,253,339.22
2019-09-27,4389,1655,452.55
2019-09-28,3615,3190,94.21
2019-09-29,852,657,33.86
2019-09-30,719,513,130.92
2019-10-01,4157,1074,203.27
2019-10-02,1225,324,574.48
2019-10-03,4681,3211,289.99
2019-10-04,371,123,66.74
2019-10-05,1973,796,585.85
2019-10-06,2104,912,477.16
2019-10-07,1649,1162,396.06
2019-10-08,2117,2000,504.7
2019-10-09,966,72,176.07
2019-10-10,4048,2111,328.06
2019-10-11,4145,2968,428.82
2019-10-12,4849,4162,181.5
2019-10-13,3612,1146,400.56
2019-10-14,2746,973,171.19
2019-10-15,2929,558,68.33
2019-10-16,4108,3979,483.59
2019-10-17,4477,3508,396.62
2019-10-18,3319,3315,294.14
2019-10-19,2021,1714,30.78
2019-10-20,2272,1414,95.55
2019-10-21,625,291,187.11
2019-10-22,372,205,594.83
2019-10-23,4803,89,406.43
2019-10-24,1184,265,31.83
2019-10-25,1313,587,278.74
2019-10-26,2131,460,400.37
2019-10-27,2055,953,357.39
2019-10-28,2903,2682,42.28
2019-10-29,476,81,313.69
2019-10-30,1275,1217,436.59
2019-10-31,4587,1038,385.67
2019-11-01,3371,2930,94.65
2019-11-02,3627,545,516.75
2019-11-03,3797,1570,388.11
2019-11-04,435,343,305.34
2019-11-05,3920,355,549.78
2019-11-06,4500,1535,31.09
2019-11-07,650,557,399.3
2019-11-08,2956,1436,195.83
2019-11-09,4346,1000,225.36
2019-11-10,3774,1810,513.33
2019-11-11,4653,276,331.72
2019-11-12,1154,842,398.29
2019-11-13,4207,1648,105.74
2019-11-14,1874,807,416.03
2019-11-15,1939,750,59.42
2019-11-16,890,102,569.23
2019-11-17,2974,2090,160.68
2019-11-18,2077,1440,228.37
2019-11-19,1259,537,136.81
2019-11-20,1400,878,39.43
2019-11-21,3040,238,533.29
2019-11-22,4831,167,510.62
2019-11-23,4530,1612,124.29
2019-11-24,313,58,598.92
2019-11-25,2528,104,477.54
2019-11-26,2710,1757,333.17
2019-11-27,4021,3479,82.7
2019-11-28,3911,754,238.73
2019-11-29,3882,1561,239.6
2019-11-30,4359,1257,133.57
2019-12-01,4472,3443,202.59
2019-12-02,3583,1423,253.24
2019-12-03,3813,3362,372.15
2019-12-04,4257,478,36.45
2019-12-05,4926,2168,334.53
2019-12-06,2565,1879,325.49
2019-12-07,1418,948,171.61
2019-12-08,4173,2824,411.89
2019-12-09,3491,3396,346.09
2019-12-10,3998,3386,195.53
2019-12-11,2205,220,582.74
2019-12-12,3437,2800,364.05
2019-12-13,2811,1090,229.48
2019-12-14,4822,2234,505.6
2019-12-15,1688,730,150.73
2019-12-16,688,74,136.17
2019-12-17,1532,1285,279.35
2019-12-18,760,683,485.49
2019-12-19,4455,2101,536.64
2019-12-20,2864,1324,278.84
2019-12-21,3393,680,153.99
2019-12-22,2071,1730,69.78
2019-12-23,4721,4625,371.17
2019-12-24,4655,3852,580.17
2019-12-25,3633,2924,553.86
2019-12-26,4009,3027,401.7
2019-12-27,4853,4446,505.32
2019-12-28,1181,207,186.85
2019-12-29,151,142,514.9
2019-12-30,889,387,66.75
2019-12-31,3685,1151,449.75
2020-01-01,4964,1306,94.17
2020-01-02,2714,1515,445.2
2020-01-03,3859,245,495.74
2020-01-04,480,344,356.03
2020-01-05,4567,242,31.53
2020-01-06,740,329,478.21
2020-01-07,4957,3204,184.32
2020-01-08,4931,2463,573.36
2020-01-09,4122,1089,93.89
2020-01-10,4646,2810,253.88
2020-01-11,641,301,556.67
2020-01-12,3608,1645,593.4
2020-01-13,4434,1279,437.08
2020-01-14,1430,81,568.21
2020-01-15,3657,3450,598.32
2020-01-16,1035,313,592.52
2020-01-17,1067,240,169.81
2020-01-18,2735,798,111.21
2020-01-19,2430,892,213.48
2020-01-20,2176,870,409.19
2020-01-21,2793,353,134.54
2020-01-22,3278,746,426.8
2020-01-23,4258,3765,587.17
2020-01-24,2391,1541,380.13
2020-01-25,1517,227,329.3
2020-01-26,1701,1145,147.68
2020-01-27,3585,2730,502.07
2020-01-28,4311,3880,395.12
2020-01-29,1483,444,483.98
2020-01-30,4845,1891,58.15
2020-01-31,4830,1905,584.74
2020-02-01,4187,2604,47.69
2020-02-02,575,81,106.32
2020-02-03,3926,289,195.79
2020-02-04,1491,196,570.93
2020-02-05,3576,3161,402.33
2020-02-06,3130,668,30.37
2020-02-07,4879,1600,334.58
2020-02-08,3727,84,278.04
2020-02-09,4530,2769,58.77
2020-02-10,346,214,253.27
2020-02-11,828,519,334.6
2020-02-12,105,69,504.18
2020-02-13,1486,954,541.86
2020-02-14,3602,1564,469.88
2020-02-15,660,145,364.12
2020-02-16,433,390,553.88
2020-02-17,1829,1466,464.89
2020-02-18,2538,2056,537.18
2020-02-19,164,74,38.24
2020-02-20,156,85,534.51
2020-02-21,2003,1524,299.92
2020-02-22,1964,257,525.85
2020-02-23,2837,2651,531.76
2020-02-24,368,284,147.78
2020-02-25,3775,71,295.4
2020-02-26,2210,2144,135.44
2020-02-27,4760,2126,560.13
2020-02-28,1988,889,161.8
2020-02-29,4493,3923,427.49
2020-03-01,642,267,572.26
2020-03-02,580,447,376.8
2020-03-03,2294,1863,212.85
2020-03-04,3252,1793,473.55
2020-03-05,871,170,598.26
2020-03-06,165,107,261.63
2020-03-07,4171,3426,556.41
2020-03-08,1556,480,90.9
2020-03-09,2942,1592,120.49
2020-03-10,4915,4505,157.44
2020-03-11,1222,699,467.3
2020-03-12,1039,796,534.31
2020-03-13,4322,3285,419.82
2020-03-14,3356,468,388.08
2020-03-15,3409,200,449.12
2020-03-16,1580,185,482.1
2020-03-17,1230,520,174.35
2020-03-18,2423,925,550.14
2020-03-19,3379,270,85.68
2020-03-20,3933,3617,516.46
2020-03-21,3236,2664,566.11
2020-03-22,1396,1184,52.83
2020-03-23,4894,3292,521.3
2020-03-24,3670,2007,215.06
2020-03-25,2036,1774,213.17
2020-03-26,901,137,543.63
2020-03-27,2648,809,361.15
2020-03-28,3777,222,349.41
2020-03-29,2809,1052,443.08
2020-03-30,3850,1443,354.47
2020-03-31,826,468,187.83
2020-04-01,3861,2072,350.27
2020-04-02,1170,710,387.48
2020-04-03,1396,627,114.73
2020-04-04,2831,1268,410.2
2020-04-05,2650,2070,514.45
2020-04-06,3685,1619,188.86
2020-04-07,109,84,353.51
2020-04-08,3106,1186,288.64
2020-04-09,130,130,323.53
2020-04-10,4112,2838,36.81
2020-04-11,4445,2305,459.42
2020-04-12,4677,2995,200.88
2020-04-13,3280,2269,254.61
2020-04-14,2420,2062,585.88
2020-04-15,1184,1057,39.8
2020-04-16,3148,1658,415.47
2020-04-17,521,300,70.27
2020-04-18,767,379,138.54
2020-04-19,2498,2046,182.82
2020-04-20,2156,223,81.61
2020-04-21,1680,952,392.03
2020-04-22,3249,1015,504.92
2020-04-23,4119,3989,380.59
2020-04-24,448,273,557.97
2020-04-25,3470,2584,418.0
2020-04-26,748,179,502.52
2020-04-27,1493,553,463.18
2020-04-28,2453,97,146.7
2020-04-29,795,507,319.4
2020-04-30,631,350,269.66
2020-05-01,2597,631,511.98
2020-05-02,4118,946,198.39
2020-05-03,4884,797,141.22
2020-05-04,4739,2598,401.51
2020-05-05,4687,4088,252.06
2020-05-06,3864,2884,68.82
2020-05-07,1276,407,159.51
2020-05-08,4514,2221,184.15
2020-05-09,2761,424,333.49
2020-05-10,712,167,379.59
2020-05-11,3801,1328,200.09
2020-05-12,223,206,581.13
2020-05-13,113,98,498.53
2020-05-14,3803,3685,35.74
2020-05-15,464,311,71.17
2020-05-16,1420,667,398.26
2020-05-17,3204,2966,547.01
2020-05-18,2380,1711,578.54
2020-05-19,4886,2381,51.96
2020-05-20,4866,1147,100.65
2020-05-21,4455,345,173.92
2020-05-22,1782,1372,117.76
2020-05-23,3201,1055,368.42
2020-05-24,4249,1310,146.44
2020-05-25,2887,2497,433.4
2020-05-26,2097,514,346.88
2020-05-27,2560,244,364.18
2020-05-28,4383,805,56.25
2020-05-29,4814,1375,158.88
2020-05-30,414,148,333.51
2020-05-31,1253,890,37.0
2020-06-01,4930,3133,377.44
2020-06-02,3672,1380,114.12
2020-06-03,952,392,70.46
2020-06-04,3669,1479,416.72
2020-06-05,4499,904,355.78
2020-06-06,3752,440,333.16
2020-06-07,1507,826,509.78
2020-06-08,3444,2651,484.16
2020-06-09,4327,2524,166.25
2020-06-10,4778,2191,164.14
2020-06-11,4655,1657,297.81
2020-06-12,961,256,524.58
2020-06-13,2802,1205,438.91
2020-06-14,126,87,174.92
2020-06-15,697,292,128.83
2020-06-16,4730,2443,140.51
2020-06-17,3174,2202,37.15
2020-06-18,2736,2183,99.27
2020-06-19,4237,119,418.97
2020-06-20,3162,1734,249.19
2020-06-21,4654,2908,77.4
2020-06-22,493,63,495.34
2020-06-23,4777,3752,411.81
2020-06-24,2171,1635,339.16
2020-06-25,2417,2333,505.16
2020-06-26,4749,232,498.28
2020-06-27,1773,1593,257.02
2020-06-28,3026,573,290.8
2020-06-29,4817,4669,408.05
2020-06-30,2910,514,213.75
2020-07-01,589,479,244.49
2020-07-02,955,322,79.87
2020-07-03,3831,2141,424.83
2020-07-04,4774,1926,472.73
2020-07-05,4577,2381,477.61
2020-07-06,4936,862,40.72
2020-07-07,1752,558,79.53
2020-07-08,628,220,49.24
2020-07-09,900,424,75.88
2020-07-10,3033,148,327.3
2020-07-11,336,240,530.02
2020-07-12,1040,878,451.34
2020-07-13,1302,1221,407.47
2020-07-14,3563,2191,79.22
2020-07-15,4796,2183,292.49
2020-07-16,4392,1014,166.83
2020-07-17,2596,1095,43.4
2020-07-18,4145,3569,148.76
2020-07-19,548,122,188.03
2020-07-20,2795,485,316.04
2020-07-21,3167,130,430.14
2020-07-22,288,66,66.22
2020-07-23,1378,1174,434.19
2020-07-24,1995,703,92.46
2020-07-25,3526,62,237.78
2020-07-26,1219,562,232.37
2020-07-27,1939,736,194.34
2020-07-28,4406,2899,263.74
2020-07-29,2563,2063,571.78
2020-07-30,776,85,344.0
2020-07-31,900,782,594.75
2020-08-01,1266,739,65.01
2020-08-02,3500,2270,34.31
2020-08-03,2709,226,150.89
2020-08-04,3725,578,261.94
2020-08-05,803,560,474.52
2020-08-06,750,560,203.19
2020-08-07,3230,1038,527.29
2020-08-08,199,85,433.63
2020-08-09,3263,664,314.56
2020-08-10,3524,3007,153.86
2020-08-11,4815,4502,290.96
2020-08-12,4086,3414,353.42
2020-08-13,2865,2578,96.9
2020-08-14,1114,605,530.68
2020-08-15,2486,2232,543.2
2020-08-16,4209,3305,561.14
2020-08-17,637,586,483.86
2020-08-18,1018,266,436.37
2020-08-19,3624,3454,55.73
2020-08-20,4974,2921,42.67
2020-08-21,4763,4375,135.36
2020-08-22,2129,566,567.08
2020-08-23,4528,1637,291.82
2020-08-24,3127,2631,200.61
2020-08-25,4740,2262,393.55
2020-08-26,4790,432,406.28
2020-08-27,2571,1793,76.6
2020-08-28,2834,571,192.03
2020-08-29,4727,4136,511.77
2020-08-30,1101,467,469.83
2020-08-31,1356,1284,508.83
2020-09-01,3419,889,568.03
2020-09-02,1136,453,237.67
2020-09-03,484,368,534.92
2020-09-04,1801,1263,75.17
2020-09-05,1612,104,222.27
2020-09-06,3399,1008,111.61
2020-09-07,3476,92,91.05
2020-09-08,1149,456,160.53
2020-09-09,2360,1456,251.99
2020-09-10,1818,641,95.16
2020-09-11,2303,1824,231.88
2020-09-12,2082,1523,385.08
2020-09-13,343,316,227.92
2020-09-14,4912,3473,528.02
2020-09-15,4962,1746,543.82
2020-09-16,1566,304,379.55
2020-09-17,1477,841,349.79
2020-09-18,3756,1372,577.81
2020-09-19,4270,1368,523.9
2020-09-20,3915,97,129.72
2020-09-21,2901,648,69.28
2020-09-22,2640,311,563.26
2020-09-23,519,448,303.98
2020-09-24,1769,1573,479.09
2020-09-25,2734,2633,327.5
2020-09-26,3390,1825,318.42
2020-09-27,3942,625,114.85
2020-09-28,3322,2922,394.49
2020-09-29,4947,1422,304.68
2020-09-30,1505,658,245.46
2020-10-01,971,553,30.82
2020-10-02,1996,236,195.03
2020-10-03,4882,84,426.71
2020-10-04,2028,1875,176.68
2020-10-05,108,57,589.42
2020-10-06,4459,2799,424.02
2020-10-07,734,219,283.13
2020-10-08,2564,2507,47.39
2020-10-09,3347,2432,582.52
2020-10-10,4072,798,446.64
2020-10-11,965,135,89.27
2020-10-12,3726,1203,402.06
2020-10-13,2112,657,523.79
2020-10-14,2172,758,455.86
2020-10-15,4827,2750,583.76
2020-10-16,1698,1385,142.95
2020-10-17,3371,251,391.08
2020-10-18,4598,2457,204.85
2020-10-19,3357,618,299.75
2020-10-20,727,342,243.69
2020-10-21,1415,988,94.57
2020-10-22,3528,3436,178.0
2020-10-23,4345,3071,40.12
2020-10-24,3365,2244,323.4
2020-10-25,1867,1183,412.1
2020-10-26,4380,1403,562.56
2020-10-27,2359,939,32.52
2020-10-28,2858,763,454.05
2020-10-29,3002,1009,36.81
2020-10-30,2217,259,315.98
2020-10-31,761,646,141.71
2020-11-01,2454,2327,564.11
2020-11-02,2075,293,90.65
2020-11-03,4816,2064,332.62
2020-11-04,4421,294,563.92
2020-11-05,1186,187,248.82
2020-11-06,293,228,473.6
2020-11-07,3824,1254,516.53
2020-11-08,729,188,214.03
2020-11-09,2080,1808,523.53
2020-11-10,4631,860,408.39
2020-11-11,409,279,565.39
2020-11-12,4022,1542,521.35
2020-11-13,1040,826,142.99
2020-11-14,4009,2976,349.27
2020-11-15,3427,1998,122.48
2020-11-16,3944,2087,533.85
2020-11-17,557,220,367.32
2020-11-18,4043,1527,496.55
2020-11-19,1428,176,556.2
2020-11-20,207,66,261.86
2020-11-21,1963,399,150.42
2020-11-22,1864,1752,120.11
2020-11-23,3797,3106,64.03
2020-11-24,3088,247,287.91
2020-11-25,3016,321,42.28
2020-11-26,480,81,190.17
2020-11-27,4317,1138,567.02
2020-11-28,2468,1533,364.61
2020-11-29,4033,1836,590.1
2020-11-30,4595,174,402.04
2020-12-01,2212,1516,171.55
2020-12-02,585,346,560.54
2020-12-03,2270,1137,483.98
2020-12-04,606,447,297.32
2020-12-05,3558,616,261.07
2020-12-06,3393,392,275.64
2020-12-07,2773,2310,373.39
2020-12-08,274,268,288.78
2020-12-09,3676,1733,273.03
2020-12-10,1862,729,386.06
2020-12-11,4268,4163,252.37
2020-12-12,455,171,370.25
2020-12-13,3694,1011,272.7
2020-12-14,2968,1994,44.15
2020-12-15,3997,3464,240.69
2020-12-16,3428,2041,354.24
2020-12-17,1328,1317,43.84
2020-12-18,1957,1074,43.06
2020-12-19,166,91,418.91
2020-12-20,608,432,411.46
2020-12-21,4749,182,86.6
2020-12-22,4383,3996,266.6
2020-12-23,4088,1146,324.83
2020-12-24,2489,1457,99.45
2020-12-25,2282,1916,551.04
2020-12-26,236,130,516.78
2020-12-27,2789,2546,503.21
2020-12-28,2581,2395,52.99
2020-12-29,4362,858,226.63
2020-12-30,2960,68,64.83
2020-12-31,1838,553,185.04
2021-01-01,1575,1306,179.93
2021-01-02,2676,254,182.57
2021-01-03,3688,2192,234.18
2021-01-04,4840,2256,49.63
2021-01-05,4009,3865,551.85
2021-01-06,1255,336,239.97
2021-01-07,3709,2528,587.75
2021-01-08,2940,746,586.36
2021-01-09,3162,180,365.08
2021-01-10,570,247,579.3
2021-01-11,431,71,579.35
2021-01-12,1484,1295,202.21
2021-01-13,1903,767,364.86
2021-01-14,3071,1397,295.02
2021-01-15,2275,710,46.6
2021-01-16,993,646,573.99
2021-01-17,1436,723,64.83
2021-01-18,1648,1111,271.6
2021-01-19,816,134,158.26
2021-01-20,2809,1457,146.6
2021-01-21,4998,1931,254.01
2021-01-22,757,527,241.43
2021-01-23,537,287,160.3
2021-01-24,1611,857,387.16
2021-01-25,2059,394,493.13
2021-01-26,1083,834,132.12
2021-01-27,751,204,412.3
2021-01-28,1574,1330,507.6
2021-01-29,4601,1755,173.4
2021-01-30,696,387,476.89
2021-01-31,1192,945,118.16
2021-02-01,3698,3472,236.97
2021-02-02,3106,1749,593.29
2021-02-03,4093,3396,346.18
2021-02-04,3876,1615,516.21
2021-02-05,2983,2257,68.0
2021-02-06,1807,365,542.06
2021-02-07,3092,2653,73.34
2021-02-08,2316,2213,260.63
2021-02-09,1393,1150,183.34
2021-02-10,868,642,523.92
2021-02-11,2842,396,257.41
2021-02-12,559,357,169.16
2021-02-13,357,104,449.96
2021-02-14,964,643,449.56
2021-02-15,3784,3562,221.08
2021-02-16,2966,407,496.12
2021-02-17,2485,828,78.97
2021-02-18,876,290,399.97
2021-02-19,2685,1055,470.33
2021-02-20,4252,1748,589.75
2021-02-21,1025,431,261.45
2021-02-22,4558,3862,373.11
2021-02-23,4571,835,191.2
2021-02-24,4939,3198,381.63
2021-02-25,564,352,265.95
2021-02-26,718,484,177.51
2021-02-27,2340,1764,346.07
2021-02-28,3137,2255,50.02
2021-03-01,3811,1635,204.45
2021-03-02,3587,1517,522.8
2021-03-03,1981,753,518.15
2021-03-04,4460,3092,35.37
2021-03-05,4389,4310,396.41
2021-03-06,423,90,512.48
2021-03-07,3322,2621,128.27
2021-03-08,4019,517,197.24
2021-03-09,1743,1153,184.74
2021-03-10,2610,2195,51.44
2021-03-11,1148,997,506.97
2021-03-12,2390,2332,224.98
2021-03-13,2652,184,340.99
2021-03-14,2591,1966,250.77
2021-03-15,1775,1557,506.04
2021-03-16,572,541,563.23
2021-03-17,3083,2699,198.67
2021-03-18,4252,579,303.01
2021-03-19,4284,114,337.21
2021-03-20,4294,530,124.46
2021-03-21,898,553,259.25
2021-03-22,3427,2398,515.26
2021-03-23,3713,2475,354.54
2021-03-24,1970,793,504.97
2021-03-25,1181,718,354.34
2021-03-26,4148,226,452.94
2021-03-27,1369,1010,325.85
2021-03-28,2804,738,444.23
2021-03-29,1017,1011,389.53
2021-03-30,3996,2633,533.17
2021-03-31,4876,223,390.32
2021-04-01,792,302,459.74
2021-04-02,3745,432,460.18
2021-04-03,1602,1274,143.08
2021-04-04,1637,667,360.75
2021-04-05,3251,3181,186.97
2021-04-06,552,216,531.33
2021-04-07,4063,1962,188.26
2021-04-08,4293,589,129.29
2021-04-09,1427,472,229.51
2021-04-10,2589,1321,271.25
2021-04-11,1024,105,139.06
2021-04-12,4684,4594,368.06
2021-04-13,1683,1170,572.14
2021-04-14,767,166,393.74
2021-04-15,1840,935,119.51
2021-04-16,1739,1617,490.26
2021-04-17,4141,2440,555.47
2021-04-18,1145,835,559.19
2021-04-19,1972,413,335.95
2021-04-20,528,126,179.48
2021-04-21,3237,2441,393.75
2021-04-22,3785,2701,596.86
2021-04-23,3127,1645,378.27
2021-04-24,3894,150,528.3
2021-04-25,1161,111,418.17
2021-04-26,962,214,175.73
2021-04-27,1179,300,107.74
2021-04-28,1743,290,152.46
2021-04-29,4027,304,554.84
2021-04-30,2446,2094,160.66
2021-05-01,307,224,244.44
2021-05-02,2571,1230,97.46
2021-05-03,2231,836,60.82
2021-05-04,1289,814,216.38
2021-05-05,1568,1532,282.6
2021-05-06,200,143,235.35
2021-05-07,1569,569,557.77
2021-05-08,4087,3400,366.81
2021-05-09,114,82,141.95
2021-05-10,4421,3481,59.77
2021-05-11,151,87,106.91
2021-05-12,785,122,497.18
2021-05-13,1846,1616,426.12
2021-05-14,409,203,508.68
2021-05-15,2553,1967,104.5
2021-05-16,4259,857,399.02
2021-05-17,867,366,187.4
2021-05-18,2998,140,90.16
2021-05-19,1671,268,243.76
2021-05-20,1680,1527,32.24
2021-05-21,2534,1038,331.07
2021-05-22,3966,2429,160.76
2021-05-23,4091,4045,189.35
2021-05-24,3413,2507,408.94
2021-05-25,2993,2988,342.22
2021-05-26,2947,2532,367.81
2021-05-27,780,74,268.21
2021-05-28,4207,1771,388.81
2021-05-29,2777,1262,102.11
2021-05-30,1770,1685,80.52
2021-05-31,2747,289,312.55
2021-06-01,2182,1944,334.95
2021-06-02,2640,1653,358.22
2021-06-03,4859,107,114.22
2021-06-04,2682,954,355.39
2021-06-05,759,393,397.0
2021-06-06,2482,1843,269.69
2021-06-07,4931,4373,388.99
2021-06-08,3891,3424,499.08
2021-06-09,4417,1423,569.28
2021-06-10,1734,418,132.81
2021-06-11,385,274,284.38
2021-06-12,1310,214,163.35
2021-06-13,1612,178,546.04
2021-06-14,1327,717,336.96
2021-06-15,1618,527,154.53
2021-06-16,279,227,107.53
2021-06-17,4767,2177,239.73
2021-06-18,593,144,513.74
2021-06-19,2335,1400,213.57
2021-06-20,1104,238,146.18
2021-06-21,2995,165,306.94
2021-06-22,512,151,344.55
2021-06-23,1987,1382,309.33
2021-06-24,1197,925,65.88
2021-06-25,4615,86,596.94
2021-06-26,1798,545,234.32
2021-06-27,4086,3837,472.47
2021-06-28,1993,1455,344.26
2021-06-29,3665,348,301.22
2021-06-30,2464,1189,199.98
2021-07-01,2161,1629,244.72
2021-07-02,3738,2874,80.21
2021-07-03,2627,251,320.62
2021-07-04,4958,377,401.99
2021-07-05,4026,2244,130.53
2021-07-06,1133,754,347.37
2021-07-07,4581,3094,409.0
2021-07-08,4101,2344,121.16
2021-07-09,4888,881,463.2
2021-07-10,2908,2400,62.3
2021-07-11,2289,836,356.83
2021-07-12,4780,2358,398.09
2021-07-13,1510,380,308.74
2021-07-14,2794,2383,52.85
2021-07-15,520,394,576.86
2021-07-16,4621,3059,105.8
2021-07-17,3594,2231,556.71
2021-07-18,3177,2935,408.2
2021-07-19,3533,2948,383.94
2021-07-20,1369,136,528.36
2021-07-21,651,461,67.23
2021-07-22,277,219,328.26
2021-07-23,2819,1532,110.01
2021-07-24,2253,123,72.81
2021-07-25,4638,1797,124.83
2021-07-26,1219,237,91.34
2021-07-27,855,605,567.37
2021-07-28,3657,2482,508.59
2021-07-29,4431,172,212.12
2021-07-30,3381,540,44.49
2021-07-31,2130,354,230.18
2021-08-01,916,292,282.96
2021-08-02,1885,1131,576.45
2021-08-03,2977,2714,130.42
2021-08-04,262,65,241.43
2021-08-05,2275,373,565.98
2021-08-06,522,184,149.64
2021-08-07,1583,777,44.3
2021-08-08,1348,437,267.93
2021-08-09,2860,1850,418.55
2021-08-10,2745,2456,368.41
2021-08-11,3914,3360,119.7
2021-08-12,514,513,213.55
2021-08-13,4181,3174,195.83
2021-08-14,1152,531,555.73
2021-08-15,3643,2845,457.47
2021-08-16,3958,864,109.34
2021-08-17,482,144,237.57
2021-08-18,3582,752,212.33
2021-08-19,2207,922,538.36
2021-08-20,2070,1441,522.36
2021-08-21,1670,1592,267.56
2021-08-22,3374,1657,130.23
2021-08-23,4464,2782,108.29
2021-08-24,4551,3474,133.96
2021-08-25,1911,200,492.88
2021-08-26,4040,609,117.61
2021-08-27,309,167,254.68
2021-08-28,3636,1549,187.2
2021-08-29,4257,2587,207.32
2021-08-30,3344,2984,228.31
2021-08-31,2225,1998,120.23
2021-09-01,4572,2700,123.92
2021-09-02,489,228,486.96
2021-09-03,1010,950,60.83
2021-09-04,1335,393,74.38
2021-09-05,3387,3093,489.44
2021-09-06,2129,675,414.67
2021-09-07,2244,648,186.21
2021-09-08,2144,1267,544.06
2021-09-09,3524,1321,527.3
2021-09-10,2971,2639,145.43
2021-09-11,4970,2871,336.07
2021-09-12,1598,735,175.81
2021-09-13,3874,358,550.63
2021-09-14,1022,493,265.84
2021-09-15,952,611,394.29
2021-09-16,4755,2611,539.0
2021-09-17,2492,522,96.77
2021-09-18,3138,680,530.71
2021-09-19,3440,2055,159.58
2021-09-20,1103,410,97.79
2021-09-21,3998,3593,277.64
2021-09-22,2206,370,245.8
2021-09-23,3013,2283,475.84
2021-09-24,1170,713,51.55
2021-09-25,2534,1743,306.86
2021-09-26,2794,2346,526.46
2021-09-27,777,358,389.89
2021-09-28,263,220,448.38
2021-09-29,2749,1755,490.15
2021-09-30,1803,763,95.52
2021-10-01,3053,2358,463.33
2021-10-02,3877,3376,457.93
2021-10-03,3965,2844,37.48
2021-10-04,1107,142,566.81
2021-10-05,430,366,550.78
2021-10-06,1308,614,41.19
2021-10-07,1915,1152,233.53
2021-10-08,4075,2808,569.77
2021-10-09,4966,4777,422.82
2021-10-10,3607,1928,306.7
2021-10-11,3881,3180,536.15
2021-10-12,651,150,341.35
2021-10-13,3370,2811,554.48
2021-10-14,484,447,557.64
2021-10-15,2238,757,342.7
2021-10-16,1960,1354,491.15
2021-10-17,1257,71,69.82
2021-10-18,2803,398,536.11
2021-10-19,639,401,246.43
2021-10-20,835,641,350.88
2021-10-21,4096,3912,91.43
2021-10-22,3660,346,167.07
2021-10-23,3945,2048,356.46
2021-10-24,4868,801,520.77
2021-10-25,2102,1565,435.45
2021-10-26,3569,1936,263.68
2021-10-27,3438,406,172.46
2021-10-28,2154,723,114.23
2021-10-29,4332,2261,43.66
2021-10-30,2009,1114,347.99
2021-10-31,3845,2496,224.44
2021-11-01,873,430,125.0
2021-11-02,4222,478,363.98
2021-11-03,860,828,437.31
2021-11-04,1642,936,535.66
2021-11-05,1131,728,67.12
2021-11-06,683,217,437.3
2021-11-07,4861,1189,96.26
2021-11-08,4991,4750,420.39
2021-11-09,1457,1096,283.2
2021-11-10,4030,669,248.2
2021-11-11,4339,2496,495.25
2021-11-12,1527,194,480.12
2021-11-13,4752,1283,385.74
2021-11-14,211,156,147.42
2021-11-15,4037,1829,507.54
2021-11-16,355,329,353.11
2021-11-17,677,556,65.56
2021-11-18,1142,1030,131.71
2021-11-19,4678,1246,431.25
2021-11-20,4233,4184,63.85
2021-11-21,598,444,181.03
2021-11-22,3116,2747,546.69
2021-11-23,2332,167,568.33
2021-11-24,1087,983,293.13
2021-11-25,3670,1890,591.1
2021-11-26,3881,3005,369.98
2021-11-27,1167,394,494.78
2021-11-28,3827,2536,542.84
2021-11-29,4232,2991,323.89
2021-11-30,621,392,597.24
2021-12-01,809,278,364.98
2021-12-02,3824,553,557.42
2021-12-03,3466,302,323.04
2021-12-04,1677,1349,282.54
2021-12-05,709,236,255.82
2021-12-06,3079,2181,373.06
2021-12-07,1190,784,263.34
2021-12-08,2764,836,120.82
2021-12-09,2664,1448,531.25
2021-12-10,658,407,200.06
2021-12-11,583,509,279.05
2021-12-12,3323,2061,197.07
2021-12-13,954,162,330.37
2021-12-14,1191,1125,48.54
2021-12-15,1465,1055,90.39
2021-12-16,4987,3392,156.49
2021-12-17,3636,3400,471.89
2021-12-18,2359,1816,143.15
2021-12-19,2171,984,126.24
2021-12-20,3858,2565,122.76
2021-12-21,4280,3456,458.13
2021-12-22,752,739,311.31
2021-12-23,2777,650,313.29
2021-12-24,1067,1010,367.33
2021-12-25,266,210,415.02
2021-12-26,3640,1162,202.46
2021-12-27,3419,722,266.69
2021-12-28,1654,1523,368.15
2021-12-29,3410,479,367.41
2021-12-30,1032,740,478.14
2021-12-31,1362,1234,184.46
2022-01-01,4135,3975,532.68
2022-01-02,126,95,244.64
2022-01-03,3782,1227,534.12
2022-01-04,955,287,305.52
2022-01-05,623,468,142.99
2022-01-06,3793,1597,274.44
2022-01-07,2151,831,234.5
2022-01-08,4648,721,80.41
2022-01-09,4873,864,47.25
2022-01-10,4372,907,325.7
2022-01-11,4489,2509,77.76
2022-01-12,3932,2480,372.88
2022-01-13,1535,713,488.32
2022-01-14,4586,1018,75.41
2022-01-15,1854,1809,248.8
2022-01-16,2387,1050,593.25
2022-01-17,3671,1366,57.86
2022-01-18,2013,322,118.18
2022-01-19,666,599,575.23
2022-01-20,470,349,535.86
2022-01-21,1825,1795,223.48
2022-01-22,3301,2981,332.8
2022-01-23,4088,1674,72.91
2022-01-24,1810,419,549.67
2022-01-25,985,684,220.55
2022-01-26,961,831,52.22
2022-01-27,1224,54,104.42
2022-01-28,1521,978,240.71
2022-01-29,865,320,224.2
2022-01-30,3811,2129,393.82
2022-01-31,1735,554,194.32
2022-02-01,3066,1018,473.08
2022-02-02,4049,1573,476.31
2022-02-03,3340,1546,177.86
2022-02-04,4106,693,364.15
2022-02-05,1803,1628,302.01
2022-02-06,1848,665,458.62
2022-02-07,3619,3143,559.69
2022-02-08,1686,218,531.36
2022-02-09,4402,4012,574.48
2022-02-10,3189,737,520.91
2022-02-11,2340,741,299.79
2022-02-12,2153,1112,500.83
2022-02-13,1459,946,525.11
2022-02-14,4306,2336,331.53
2022-02-15,765,311,402.44
2022-02-16,5000,4116,407.53
2022-02-17,2602,2055,33.06
2022-02-18,1469,1351,591.74
2022-02-19,3720,1358,390.16
2022-02-20,3363,595,55.8
2022-02-21,4610,4384,204.56
2022-02-22,1020,366,240.98
2022-02-23,354,138,192.16
2022-02-24,3788,1390,354.98
2022-02-25,2917,2642,450.26
2022-02-26,181,171,361.27
2022-02-27,4709,4316,154.21
2022-02-28,4232,1196,434.36
2022-03-01,4168,85,492.8
2022-03-02,1945,1230,536.32
2022-03-03,4795,914,278.79
2022-03-04,4182,1295,549.9
2022-03-05,482,248,485.33
2022-03-06,717,711,246.6
2022-03-07,1364,498,223.19
2022-03-08,2398,1913,470.24
2022-03-09,2644,453,277.61
2022-03-10,997,615,221.23
2022-03-11,340,112,168.23
2022-03-12,1709,1010,164.01
2022-03-13,4466,1893,339.02
2022-03-14,1385,110,223.83
2022-03-15,3280,2131,181.5
2022-03-16,2037,995,171.74
2022-03-17,3346,2008,489.23
2022-03-18,4634,2190,393.68
2022-03-19,771,100,466.15
2022-03-20,3862,2619,206.39
2022-03-21,924,877,509.82
2022-03-22,1654,158,360.16
2022-03-23,4975,4359,198.47
2022-03-24,1485,876,350.07
2022-03-25,1569,996,576.49
2022-03-26,4602,2050,240.4
2022-03-27,3691,707,361.76
2022-03-28,2724,1899,537.67
2022-03-29,915,286,476.55
2022-03-30,3407,607,337.3
2022-03-31,3515,1935,401.27
2022-04-01,2116,1801,570.32
2022-04-02,2848,1142,146.48
2022-04-03,4432,3996,345.65
2022-04-04,635,423,288.99
2022-04-05,1097,264,331.17
2022-04-06,2727,1402,377.01
2022-04-07,1312,470,493.43
2022-04-08,4892,1549,292.85
2022-04-09,4462,4189,173.15
2022-04-10,1484,820,252.58
2022-04-11,710,143,432.94
2022-04-12,1793,81,77.35
2022-04-13,1978,1736,212.56
2022-04-14,2510,1886,493.71
2022-04-15,1076,234,69.6
2022-04-16,3464,1797,79.75
2022-04-17,3643,2861,56.0
2022-04-18,1730,1365,267.29
2022-04-19,4094,86,57.22
2022-04-20,1252,593,479.86
2022-04-21,4284,1455,86.19
2022-04-22,4362,4139,241.14
2022-04-23,1779,1628,540.44
2022-04-24,2558,2265,265.75
2022-04-25,516,345,295.21
2022-04-26,3460,2623,124.45
2022-04-27,2471,1488,195.9
2022-04-28,4234,3716,411.55
2022-04-29,977,765,503.67
2022-04-30,4827,3856,36.49
2022-05-01,2835,2013,458.93
2022-05-02,2530,2502,227.28
2022-05-03,529,515,200.35
2022-05-04,3523,983,231.89
2022-05-05,4883,1627,53.21
2022-05-06,3821,3723,245.85
2022-05-07,3370,2934,166.65
2022-05-08,1458,408,452.33
2022-05-09,2644,1379,316.05
2022-05-10,1327,383,193.18
2022-05-11,4876,2234,440.23
2022-05-12,1434,423,530.78
2022-05-13,4866,4573,449.13
2022-05-14,435,298,400.09
2022-05-15,1483,1010,472.45
2022-05-16,521,291,475.02
2022-05-17,2956,2408,325.99
2022-05-18,4990,3840,304.87
2022-05-19,2144,63,246.83
2022-05-20,559,398,169.66
2022-05-21,3515,335,426.81
2022-05-22,649,110,429.91
2022-05-23,2955,753,313.52
2022-05-24,977,617,489.25
2022-05-25,3772,2850,429.17
2022-05-26,4090,2531,403.45
2022-05-27,1152,161,232.3
2022-05-28,4805,928,371.72
2022-05-29,469,384,84.28
2022-05-30,1005,889,233.61
2022-05-31,3345,95,84.71
2022-06-01,1145,1034,491.18
2022-06-02,3477,391,321.25
2022-06-03,1461,1186,261.38
2022-06-04,570,160,448.52
2022-06-05,2449,1870,296.59
2022-06-06,2063,108,583.25
2022-06-07,1256,1025,406.28
2022-06-08,464,206,111.03
2022-06-09,1031,978,195.76
2022-06-10,1393,1126,476.42
2022-06-11,3088,2345,222.31
2022-06-12,849,837,468.14
2022-06-13,387,165,193.33
2022-06-14,522,69,540.65
2022-06-15,1967,744,596.68
2022-06-16,1238,193,467.34
2022-06-17,1621,719,371.63
2022-06-18,4773,1848,127.86
2022-06-19,4792,630,129.03
2022-06-20,1740,946,576.07
2022-06-21,4481,3307,148.32
2022-06-22,766,531,344.18
2022-06-23,2106,602,141.29
2022-06-24,4702,1771,300.75
2022-06-25,4568,1011,54.48
2022-06-26,2211,2185,361.05
2022-06-27,335,330,76.02
2022-06-28,1105,420,149.9
2022-06-29,3574,1466,196.25
2022-06-30,902,50,208.55
2022-07-01,4113,597,350.21
2022-07-02,2042,351,121.37
2022-07-03,4917,1718,60.39
2022-07-04,1445,1189,431.07
2022-07-05,4977,1970,404.79
2022-07-06,3232,1481,134.8
2022-07-07,4820,4593,183.5
2022-07-08,1206,1143,62.1
2022-07-09,3270,758,412.54
2022-07-10,1511,1473,509.38
2022-07-11,2621,860,301.43
2022-07-12,2544,736,285.66
2022-07-13,4813,1360,533.37
2022-07-14,3400,1404,549.63
2022-07-15,2085,1954,580.41
2022-07-16,894,584,119.05
2022-07-17,4091,982,86.56
2022-07-18,946,726,280.28
2022-07-19,729,723,59.73
2022-07-20,1252,644,110.4
2022-07-21,474,79,33.34
2022-07-22,3782,1075,434.65
2022-07-23,2432,1845,242.43
2022-07-24,2340,1419,282.82
2022-07-25,4416,3686,381.94
2022-07-26,1747,928,128.16
2022-07-27,4844,2756,503.66
2022-07-28,1911,411,273.59
2022-07-29,1157,821,516.94
2022-07-30,3753,2656,196.51
2022-07-31,2684,2199,368.08
2022-08-01,1728,147,159.32
2022-08-02,4486,4176,130.13
2022-08-03,1726,255,133.03
2022-08-04,4734,1405,469.44
2022-08-05,1047,162,188.96
2022-08-06,2613,496,318.16
2022-08-07,4121,3804,391.33
2022-08-08,4883,4744,55.04
2022-08-09,1854,445,382.06
2022-08-10,1228,69,286.33
2022-08-11,4420,956,331.61
2022-08-12,4312,737,355.99
2022-08-13,4937,490,502.45
2022-08-14,4890,4061,70.63
2022-08-15,2781,2555,475.25
2022-08-16,3484,1621,580.21
2022-08-17,3346,1423,193.18
2022-08-18,4801,2236,92.87
2022-08-19,988,651,252.14
2022-08-20,4874,2938,124.65
2022-08-21,2035,715,559.67
2022-08-22,2749,2360,31.46
2022-08-23,3021,2367,45.23
2022-08-24,2367,2289,160.73
2022-08-25,4500,1317,85.96
2022-08-26,648,186,456.76
2022-08-27,2917,2075,154.16
2022-08-28,1672,1175,506.41
2022-08-29,202,169,82.8
2022-08-30,3476,2854,341.51
2022-08-31,3201,680,202.64
2022-09-01,3963,654,52.89
2022-09-02,1290,1210,291.4
2022-09-03,3519,2789,337.21
2022-09-04,4625,3217,316.27
2022-09-05,427,423,581.65
2022-09-06,3755,704,503.11
2022-09-07,2501,2263,505.06
2022-09-08,4465,3391,109.97
2022-09-09,1403,276,440.53
2022-09-10,1651,1392,246.87
2022-09-11,2960,497,101.24
2022-09-12,2929,276,244.15
2022-09-13,994,676,290.85
2022-09-14,1322,939,77.63
2022-09-15,1825,1789,409.47
2022-09-16,2672,312,266.55
2022-09-17,2038,612,69.02
2022-09-18,1133,265,90.07
2022-09-19,1345,709,184.18
2022-09-20,1507,264,445.22
2022-09-21,1140,627,391.33
2022-09-22,3544,2266,104.0
2022-09-23,2930,1318,150.65
2022-09-24,4941,4259,550.48
2022-09-25,3362,3332,218.34
2022-09-26,2929,1268,260.38
2022-09-27,4297,2601,181.28
2022-09-28,1058,631,426.98
2022-09-29,2773,310,157.19
2022-09-30,4469,2286,171.64
2022-10-01,1350,910,244.7
2022-10-02,4524,231,241.52
2022-10-03,2864,1447,512.41
2022-10-04,855,145,158.01
2022-10-05,1997,430,40.86
2022-10-06,3833,3004,198.15
2022-10-07,3156,2194,472.58
2022-10-08,744,228,172.52
2022-10-09,1916,943,171.12
2022-10-10,2599,2333,80.06
2022-10-11,3562,2361,415.27
2022-10-12,1778,224,510.59
2022-10-13,4536,2913,227.25
2022-10-14,973,542,262.74
2022-10-15,3708,1976,442.2
2022-10-16,4094,897,109.93
2022-10-17,1376,747,428.55
2022-10-18,1887,973,586.43
2022-10-19,1275,213,321.18
2022-10-20,2382,583,76.87
2022-10-21,4798,83,301.62
2022-10-22,654,573,84.89
2022-10-23,2702,1828,327.99
2022-10-24,646,387,123.44
2022-10-25,1784,747,588.22
2022-10-26,2516,335,177.42
2022-10-27,2274,1442,35.07
2022-10-28,3089,1349,231.78
2022-10-29,1980,1218,200.94
2022-10-30,3876,3698,162.39
2022-10-31,4267,423,267.26
2022-11-01,4985,2761,352.12
2022-11-02,4488,696,491.25
2022-11-03,3945,1549,257.44
2022-11-04,3440,1526,278.98
2022-11-05,2166,1850,357.56
2022-11-06,1157,282,74.64
2022-11-07,4864,759,562.58
2022-11-08,2501,1550,294.3
2022-11-09,1399,875,102.38
2022-11-10,2737,2180,121.82
2022-11-11,1640,1320,576.53
2022-11-12,3792,2664,318.34
2022-11-13,1307,384,368.13
2022-11-14,166,54,100.99
2022-11-15,4035,2141,297.79
2022-11-16,1399,705,63.72
2022-11-17,4622,3246,506.82
2022-11-18,1709,1433,285.77
2022-11-19,2616,1838,432.85
2022-11-20,1916,1017,161.89
2022-11-21,3798,2462,327.1
2022-11-22,4772,3389,448.62
2022-11-23,2703,445,466.9
2022-11-24,2180,250,433.67
2022-11-25,4284,967,536.25
2022-11-26,3430,2560,147.98
2022-11-27,4794,2719,528.25
2022-11-28,3111,601,114.33
2022-11-29,2905,1483,378.94
2022-11-30,3988,3700,269.17
2022-12-01,844,472,61.23
2022-12-02,4849,4145,469.99
2022-12-03,1592,240,113.2
2022-12-04,423,145,361.18
2022-12-05,1962,1836,430.29
2022-12-06,3601,1215,377.21
2022-12-07,2539,489,276.32
2022-12-08,4828,1000,588.15
2022-12-09,1352,509,144.4
2022-12-10,547,207,98.25
2022-12-11,3161,2623,247.2
2022-12-12,3569,179,221.38
2022-12-13,530,132,477.84
2022-12-14,3951,663,221.17
2022-12-15,3861,353,483.49
2022-12-16,569,147,131.33
2022-12-17,421,323,544.77
2022-12-18,4216,3442,434.56
2022-12-19,2145,133,257.11
2022-12-20,3908,2322,424.4
2022-12-21,3216,2333,423.13
2022-12-22,3251,2583,458.43
2022-12-23,1733,860,41.97
2022-12-24,3773,141,204.76
2022-12-25,426,55,172.52
2022-12-26,4500,1948,212.92
2022-12-27,2463,1133,335.13
2022-12-28,434,231,221.07
2022-12-29,1584,625,69.41
2022-12-30,2109,1925,365.68
2022-12-31,1530,1034,477.79
2023-01-01,1022,993,428.87
2023-01-02,3946,300,133.81
2023-01-03,1441,415,225.27
2023-01-04,3325,177,540.08
2023-01-05,2394,785,364.99
2023-01-06,220,104,299.31
2023-01-07,251,173,39.96
2023-01-08,1049,127,548.48
2023-01-09,916,220,129.67
2023-01-10,2416,2388,261.7
2023-01-11,2707,2337,420.22
2023-01-12,1609,239,236.5
2023-01-13,2028,423,571.18
2023-01-14,4175,3298,191.42
2023-01-15,4053,1907,248.48
2023-01-16,3902,117,91.58
2023-01-17,287,156,442.51
2023-01-18,1300,1177,348.66
2023-01-19,2416,2201,509.83
2023-01-20,742,717,364.96
2023-01-21,3991,1354,210.99
2023-01-22,4734,2602,432.24
2023-01-23,791,209,526.24
2023-01-24,2042,554,449.93
2023-01-25,2048,658,264.24
2023-01-26,2561,527,542.57
2023-01-27,2728,2215,369.32
2023-01-28,2138,207,361.47
2023-01-29,3144,2811,501.63
2023-01-30,1884,1182,496.44
2023-01-31,2946,1680,572.46
2023-02-01,222,172,209.06
2023-02-02,3512,1813,185.52
2023-02-03,4385,2987,210.09
2023-02-04,1160,719,222.34
2023-02-05,3926,1527,192.75
2023-02-06,228,155,65.13
2023-02-07,3280,2761,451.78
2023-02-08,3643,2269,76.1
2023-02-09,2627,2032,492.68
2023-02-10,2732,1607,362.43
2023-02-11,2554,444,299.92
2023-02-12,4540,3754,560.89
2023-02-13,2286,1455,147.59
2023-02-14,703,199,368.5
2023-02-15,1927,1460,121.18
2023-02-16,3029,242,318.82
2023-02-17,1409,87,35.5
2023-02-18,4345,190,389.22
2023-02-19,3856,2507,58.79
2023-02-20,4334,1633,484.82
2023-02-21,3361,2283,453.04
2023-02-22,4986,3225,474.02
2023-02-23,2279,831,356.8
2023-02-24,1820,235,345.84
2023-02-25,404,377,471.87
2023-02-26,2430,1313,156.91
2023-02-27,3067,579,140.19
2023-02-28,4607,1371,420.2
2023-03-01,2601,640,489.82
2023-03-02,1330,821,213.98
2023-03-03,814,652,40.43
2023-03-04,3947,3352,235.53
2023-03-05,2447,64,40.64
2023-03-06,1509,159,591.1
2023-03-07,2861,69,243.33
2023-03-08,2797,742,558.79
2023-03-09,2381,1868,141.73
2023-03-10,954,700,141.91
2023-03-11,1368,79,556.24
2023-03-12,4326,1842,219.64
2023-03-13,3062,179,483.08
2023-03-14,1304,1082,261.81
2023-03-15,1225,642,178.19
2023-03-16,4156,2965,525.16
2023-03-17,1012,526,256.05
2023-03-18,4515,1855,299.3
2023-03-19,4157,3392,494.34
2023-03-20,4887,2797,579.54
2023-03-21,4020,1240,294.73
2023-03-22,3983,3072,547.25
2023-03-23,4732,4510,90.32
2023-03-24,671,104,96.89
2023-03-25,2751,2409,567.06
2023-03-26,2765,1000,526.8
2023-03-27,146,90,154.67
2023-03-28,4941,4107,337.75
2023-03-29,1785,1781,493.83
2023-03-30,4732,4317,67.26
2023-03-31,794,398,113.69
2023-04-01,1505,1012,38.92
2023-04-02,4454,2106,277.76
2023-04-03,480,424,160.65
2023-04-04,2803,1383,181.01
2023-04-05,965,881,458.38
2023-04-06,851,53,268.02
2023-04-07,271,55,544.13
2023-04-08,4652,1878,82.81
2023-04-09,4042,2705,272.22
2023-04-10,494,176,556.28
2023-04-11,4974,296,135.95
2023-04-12,3392,3344,269.45
2023-04-13,535,385,157.26
2023-04-14,4808,2660,213.29
2023-04-15,1878,909,57.32
2023-04-16,3243,2905,316.45
2023-04-17,3994,2865,43.4
2023-04-18,2437,344,368.66
2023-04-19,489,227,394.22
2023-04-20,1721,1688,46.89
2023-04-21,3718,532,304.29
2023-04-22,2737,2418,400.79
2023-04-23,3251,2972,282.78
2023-04-24,3108,793,73.84
2023-04-25,2114,835,162.8
2023-04-26,3792,1184,109.04
2023-04-27,2002,1359,294.69
2023-04-28,3355,681,213.16
2023-04-29,3710,2499,352.44
2023-04-30,1662,185,461.06
2023-05-01,539,104,40.57
2023-05-02,1682,1580,216.58
2023-05-03,2161,487,551.28
2023-05-04,2914,1010,415.66
2023-05-05,254,51,365.46
2023-05-06,290,201,107.43
2023-05-07,3645,162,93.45
2023-05-08,487,482,500.04
2023-05-09,4270,1775,384.38
2023-05-10,4865,466,108.09
2023-05-11,1088,957,133.02
2023-05-12,2856,2454,139.51
2023-05-13,4205,3038,45.0
2023-05-14,2041,1214,428.04
2023-05-15,4343,781,164.3
2023-05-16,4126,756,575.92
2023-05-17,1829,56,257.5
2023-05-18,641,441,256.03
2023-05-19,2648,811,424.37
2023-05-20,3808,2567,180.68
2023-05-21,277,149,536.23
2023-05-22,1141,1060,216.37
2023-05-23,681,551,122.96
2023-05-24,3829,3727,326.13
2023-05-25,127,59,438.25
2023-05-26,861,606,139.93
2023-05-27,1358,87,147.87
2023-05-28,2404,1179,220.97
2023-05-29,1016,909,202.69
2023-05-30,1181,910,102.38
2023-05-31,2463,2463,48.6
2023-06-01,1196,144,83.16
2023-06-02,3033,2546,278.86
2023-06-03,4375,1182,380.5
2023-06-04,3933,1330,592.09
2023-06-05,2922,1891,356.81
2023-06-06,3848,1036,467.19
2023-06-07,4501,3751,254.78
2023-06-08,648,79,481.43
2023-06-09,1931,501,415.88
2023-06-10,2183,432,371.41
2023-06-11,3616,132,222.36
2023-06-12,678,576,410.58
2023-06-13,4599,677,46.51
2023-06-14,4827,4333,367.11
2023-06-15,3776,499,466.99
2023-06-16,4797,2246,372.36
2023-06-17,2063,233,123.21
2023-06-18,4963,1388,591.95
2023-06-19,3922,3849,205.9
2023-06-20,1468,533,447.88
2023-06-21,3203,210,165.58
2023-06-22,1837,1741,193.82
2023-06-23,3235,2427,32.58
2023-06-24,2400,1789,309.18
2023-06-25,1563,268,45.93
2023-06-26,4205,1953,475.37
2023-06-27,3539,787,170.05
2023-06-28,177,104,519.86
2023-06-29,2515,186,484.4
2023-06-30,3077,2581,190.54
2023-07-01,1389,418,536.88
2023-07-02,1527,1150,554.66
2023-07-03,2805,1228,79.69
2023-07-04,1021,324,586.61
2023-07-05,1720,1108,343.89
2023-07-06,1262,1022,181.8
2023-07-07,258,136,429.44
2023-07-08,3076,2690,299.11
2023-07-09,2566,1725,310.91
2023-07-10,3684,2414,126.79
2023-07-11,4599,1161,228.73
2023-07-12,1055,915,92.26
2023-07-13,4426,1891,275.34
2023-07-14,1142,298,358.33
2023-07-15,2597,1333,446.11
2023-07-16,383,154,426.67
2023-07-17,1633,1550,534.25
2023-07-18,4372,263,354.2
2023-07-19,1187,483,62.92
2023-07-20,2254,1079,384.03
2023-07-21,1218,73,514.59
2023-07-22,1134,674,465.74
2023-07-23,2952,2865,550.92
2023-07-24,1275,704,314.67
2023-07-25,4636,3340,166.24
2023-07-26,403,111,416.28
2023-07-27,1981,1799,226.41
2023-07-28,625,421,327.01
2023-07-29,4748,2312,251.92
2023-07-30,3480,1455,536.24
2023-07-31,1062,917,211.4
2023-08-01,1861,597,534.77
2023-08-02,3565,2012,299.82
2023-08-03,3718,1694,235.5
2023-08-04,4304,3048,546.28
2023-08-05,1543,477,140.77
2023-08-06,4975,2825,410.36
2023-08-07,2821,1133,462.7
2023-08-08,1157,829,353.25
2023-08-09,940,840,215.63
2023-08-10,276,64,137.95
2023-08-11,1534,432,515.12
2023-08-12,4337,1930,233.93
2023-08-13,1837,389,449.39
2023-08-14,1802,775,594.68
2023-08-15,4420,1753,439.34
2023-08-16,1907,645,437.09
2023-08-17,4726,3905,471.27
2023-08-18,2265,475,333.56
2023-08-19,1274,874,120.89
2023-08-20,3232,2666,239.77
2023-08-21,615,509,47.91
2023-08-22,420,142,474.17
2023-08-23,3478,2871,583.88
2023-08-24,2535,2259,533.83
2023-08-25,1513,911,388.61
2023-08-26,4743,3430,273.52
2023-08-27,2803,1084,373.71
2023-08-28,3413,2434,264.23
2023-08-29,1114,202,507.03
2023-08-30,1644,1450,100.97
2023-08-31,580,179,93.92
2023-09-01,4638,3024,479.91
2023-09-02,4930,2261,502.09
2023-09-03,2521,2206,330.8
2023-09-04,2060,2031,258.63
2023-09-05,2399,255,204.88
2023-09-06,4480,3656,91.98
2023-09-07,2492,111,56.2
2023-09-08,1557,977,477.75
2023-09-09,991,564,579.23
2023-09-10,4167,3013,44.59
2023-09-11,3244,806,266.55
2023-09-12,1914,1097,205.87
2023-09-13,3534,1216,166.83
2023-09-14,3429,1431,490.36
2023-09-15,3657,2680,544.19
2023-09-16,1168,801,333.77
2023-09-17,4844,917,386.02
2023-09-18,1721,279,424.59
2023-09-19,414,195,513.02
2023-09-20,3561,2032,409.63
2023-09-21,2242,1657,239.04
2023-09-22,1430,1147,124.28
2023-09-23,3153,1671,115.93
2023-09-24,4432,4152,519.96
2023-09-25,4674,4424,255.62
2023-09-26,3639,1667,370.31
2023-09-27,1514,337,594.41
2023-09-28,1817,269,34.38
2023-09-29,1819,1762,421.61
2023-09-30,3726,568,345.37
2023-10-01,2271,1507,356.52
2023-10-02,524,136,200.3
2023-10-03,3058,1134,486.03
2023-10-04,2784,2446,392.99
2023-10-05,314,94,236.89
2023-10-06,1918,664,356.89
2023-10-07,1177,203,233.19
2023-10-08,4186,2263,377.73
2023-10-09,2903,1210,300.71
2023-10-10,3397,2528,278.78
2023-10-11,3110,2075,431.23
2023-10-12,700,206,171.19
2023-10-13,3290,869,261.93
2023-10-14,3726,498,577.55
2023-10-15,1771,1593,443.84
2023-10-16,4589,2833,113.3
2023-10-17,3429,1281,92.56
2023-10-18,3571,789,474.32
2023-10-19,579,94,56.87
2023-10-20,4448,1573,233.54
2023-10-21,484,66,243.08
2023-10-22,2341,177,512.48
2023-10-23,3637,3583,246.14
2023-10-24,4886,499,255.68
2023-10-25,3528,2284,73.29
2023-10-26,593,187,107.77
2023-10-27,2608,999,559.49
2023-10-28,4304,4023,362.73
2023-10-29,2046,753,448.55
2023-10-30,713,221,171.06
2023-10-31,1214,450,97.07
2023-11-01,4293,819,581.07
2023-11-02,3095,2162,241.11
2023-11-03,705,97,418.64
2023-11-04,812,80,78.85
2023-11-05,4901,3902,454.65
2023-11-06,232,217,83.69
2023-11-07,3246,2463,550.75
2023-11-08,465,282,125.7
2023-11-09,967,309,209.0
2023-11-10,1838,1748,364.24
2023-11-11,531,354,211.92
2023-11-12,3799,1447,522.07
2023-11-13,3198,1758,574.64
2023-11-14,427,68,192.8
2023-11-15,2499,544,178.2
2023-11-16,3146,527,248.04
2023-11-17,668,253,500.35
2023-11-18,1514,169,459.84
2023-11-19,654,295,72.29
2023-11-20,1690,1065,490.72
2023-11-21,3760,3253,455.64
2023-11-22,2495,2229,549.35
2023-11-23,1956,74,577.93
2023-11-24,4569,2009,422.97
2023-11-25,2667,743,450.51
2023-11-26,3372,584,66.81
2023-11-27,918,615,428.39
2023-11-28,1270,462,43.22
2023-11-29,1013,592,429.88
2023-11-30,1202,1076,252.85
2023-12-01,1353,882,402.84
2023-12-02,4855,176,346.59
2023-12-03,3331,637,197.94
2023-12-04,457,143,412.76
2023-12-05,3163,1260,119.09
2023-12-06,882,812,532.53
2023-12-07,1788,137,577.99
2023-12-08,3027,1314,53.37
2023-12-09,4490,843,308.25
2023-12-10,1864,857,477.75
2023-12-11,3733,636,318.82
2023-12-12,4321,2132,582.81
2023-12-13,425,306,116.85
2023-12-14,398,376,288.27
2023-12-15,4830,810,144.18
2023-12-16,1281,1209,243.37
2023-12-17,3349,733,468.63
2023-12-18,1328,490,50.59
2023-12-19,2522,1329,31.02
2023-12-20,4100,1566,246.83
2023-12-21,3900,248,147.38
2023-12-22,3467,2810,213.35
2023-12-23,978,395,60.22
2023-12-24,543,228,435.68
2023-12-25,4964,4935,349.85
2023-12-26,4696,3941,596.5
2023-12-27,2971,2662,576.48
2023-12-28,3349,368,303.52
2023-12-29,4477,4316,81.36
2023-12-30,2123,1912,439.57
2023-12-31,758,719,169.45
2024-01-01,1893,559,386.67
2024-01-02,4507,2806,113.03
2024-01-03,3512,1929,218.81
2024-01-04,3389,1070,185.35
2024-01-05,452,120,91.83
2024-01-06,2524,624,459.03
2024-01-07,1722,1385,38.44
2024-01-08,2870,1452,466.64
2024-01-09,352,152,553.86
2024-01-10,1066,160,173.6
2024-01-11,2309,1540,334.59
2024-01-12,4380,1140,461.89
2024-01-13,4129,1638,571.01
2024-01-14,1127,270,340.36
2024-01-15,1698,275,530.38
2024-01-16,3320,2432,86.62
2024-01-17,3254,1780,487.19
2024-01-18,2491,935,231.69
2024-01-19,1259,158,299.85
2024-01-20,368,316,331.83
2024-01-21,3605,2252,477.91
2024-01-22,2871,708,163.14
2024-01-23,3028,1610,240.11
2024-01-24,1654,943,188.68
2024-01-25,1876,706,596.84
2024-01-26,1096,448,178.45
2024-01-27,1040,426,151.25
2024-01-28,4966,2376,173.91
2024-01-29,4888,3228,197.25
2024-01-30,1478,100,289.84
2024-01-31,2114,78,445.96
2024-02-01,2463,2337,479.62
2024-02-02,3759,2050,179.25
2024-02-03,3589,2252,488.61
2024-02-04,4482,50,38.01
2024-02-05,2347,1697,273.23
2024-02-06,449,209,515.64
2024-02-07,948,177,36.07
2024-02-08,4512,2465,146.28
2024-02-09,2907,547,523.43
2024-02-10,576,307,404.28
2024-02-11,762,478,334.52
2024-02-12,1242,1128,79.06
2024-02-13,869,606,370.27
2024-02-14,553,549,450.14
2024-02-15,1875,394,371.62
2024-02-16,4591,3972,178.68
2024-02-17,2404,1469,444.86
2024-02-18,1312,1240,271.37
2024-02-19,3329,1944,95.0
2024-02-20,1735,1322,344.13
2024-02-21,2902,717,355.66
2024-02-22,4976,4752,583.84
2024-02-23,4670,218,366.88
2024-02-24,1536,1130,364.53
2024-02-25,548,446,150.22
2024-02-26,4606,4188,332.69
2024-02-27,4024,3376,91.55
2024-02-28,1920,109,543.5
2024-02-29,4339,79,69.86
2024-03-01,129,54,216.4
2024-03-02,4027,3265,480.87
2024-03-03,2067,1330,275.72
2024-03-04,4213,1089,116.06
2024-03-05,4963,3230,510.46
2024-03-06,982,461,481.16
2024-03-07,2835,2521,212.32
2024-03-08,1613,1113,401.27
2024-03-09,3405,2974,195.11
2024-03-10,370,228,497.43
2024-03-11,1297,1284,555.98
2024-03-12,885,834,193.77
2024-03-13,2215,1731,170.98
2024-03-14,3226,3039,109.03
2024-03-15,722,373,540.37
2024-03-16,4088,3132,321.32
2024-03-17,1627,681,158.62
2024-03-18,3466,2201,532.95
2024-03-19,1092,987,99.94
2024-03-20,4395,290,183.56
2024-03-21,2774,2082,129.38
2024-03-22,806,797,137.05
2024-03-23,2130,148,405.48
2024-03-24,1011,234,532.12
2024-03-25,1520,1249,582.66
2024-03-26,822,734,418.44
2024-03-27,1065,535,418.0
2024-03-28,655,612,439.03
2024-03-29,2766,2757,205.48
2024-03-30,1192,252,401.71
2024-03-31,4709,229,166.0
2024-04-01,694,521,355.19
2024-04-02,4593,2663,493.12
2024-04-03,3935,3657,209.55
2024-04-04,4620,1741,371.84
2024-04-05,1602,600,509.13
2024-04-06,2270,750,42.84
2024-04-07,4247,3870,103.97
2024-04-08,4858,1134,562.62
2024-04-09,1747,571,310.61
2024-04-10,191,103,322.63
2024-04-11,2999,2242,363.35
2024-04-12,4867,547,166.02
2024-04-13,1711,95,176.18
2024-04-14,2974,1153,35.64
2024-04-15,1639,124,263.79
2024-04-16,2866,862,324.39
2024-04-17,4789,1082,438.3
2024-04-18,1706,438,313.93
2024-04-19,647,276,345.0
2024-04-20,2155,2109,537.34
2024-04-21,264,73,41.51
2024-04-22,538,225,444.46
2024-04-23,1525,685,166.02
2024-04-24,3063,184,569.93
2024-04-25,571,395,539.56
2024-04-26,2110,79,94.68
2024-04-27,1303,368,524.67
2024-04-28,2019,752,400.51
2024-04-29,1936,1900,145.85
2024-04-30,3128,2908,270.43
2024-05-01,3491,2228,376.04
2024-05-02,661,589,519.9
2024-05-03,2854,2059,79.18
2024-05-04,2311,1333,338.84
2024-05-05,2806,202,593.8
2024-05-06,4783,4689,384.07
2024-05-07,316,52,178.46
2024-05-08,3978,2863,390.57
2024-05-09,4668,3242,33.83
2024-05-10,3884,887,255.17
2024-05-11,4555,3380,311.77
2024-05-12,3881,816,425.11
2024-05-13,3946,1854,131.03
2024-05-14,1587,736,393.77
2024-05-15,1783,1174,557.08
2024-05-16,869,352,195.62
2024-05-17,2783,221,224.22
2024-05-18,3979,774,117.83
2024-05-19,3024,2869,555.26
2024-05-20,4716,2546,47.56
2024-05-21,2442,1857,449.14
2024-05-22,2279,1731,138.99
2024-05-23,1339,1011,32.05
2024-05-24,3144,713,161.4
2024-05-25,2965,584,68.44
2024-05-26,3643,513,545.78
2024-05-27,1921,1532,205.21
2024-05-28,837,751,82.33
2024-05-29,1748,1404,497.39
2024-05-30,119,95,387.27
2024-05-31,3574,3422,106.42
2024-06-01,464,218,468.89
2024-06-02,1298,829,517.04
2024-06-03,202,128,481.74
2024-06-04,967,458,66.41
2024-06-05,4342,135,563.27
2024-06-06,2313,2018,37.24
2024-06-07,428,106,347.0
2024-06-08,1150,278,421.93
2024-06-09,1820,1181,505.74
2024-06-10,3503,1406,512.33
2024-06-11,4909,3315,130.86
2024-06-12,4204,2635,302.6
2024-06-13,3502,204,59.7
2024-06-14,3552,991,295.97
2024-06-15,4761,4093,384.47
2024-06-16,3083,1120,421.35
2024-06-17,1398,1013,410.27
2024-06-18,1022,836,350.82
2024-06-19,2137,1028,519.7
2024-06-20,4555,4204,219.23
2024-06-21,2579,138,369.87
2024-06-22,1928,1489,60.94
2024-06-23,3980,1962,111.38
2024-06-24,1152,932,186.99
2024-06-25,3352,2636,250.62
2024-06-26,4435,306,360.01
2024-06-27,4739,698,239.17
2024-06-28,4519,2894,533.51
2024-06-29,2102,495,120.43
2024-06-30,2723,512,204.85
2024-07-01,506,58,459.7
2024-07-02,3041,847,412.21
2024-07-03,2540,583,256.9
2024-07-04,3830,551,314.09
2024-07-05,4058,1492,237.4
2024-07-06,2779,1077,49.97
2024-07-07,3723,3003,585.84
2024-07-08,4107,736,166.29
2024-07-09,1492,119,313.14
2024-07-10,2305,1989,507.07
2024-07-11,2125,1545,593.53
2024-07-12,4381,3543,107.99
2024-07-13,2573,1850,100.09
2024-07-14,3352,2002,83.03
2024-07-15,2334,1941,289.7
2024-07-16,3903,2528,580.02
2024-07-17,4482,2884,95.39
2024-07-18,1925,108,509.31
2024-07-19,727,234,427.27
2024-07-20,1553,981,420.74
2024-07-21,4678,3856,309.27
2024-07-22,4315,2508,505.29
2024-07-23,1989,111,426.77
2024-07-24,1468,904,206.14
2024-07-25,4232,1106,594.83
2024-07-26,2184,1164,48.18
2024-07-27,3648,2418,422.07
2024-07-28,4012,3919,293.77
2024-07-29,3588,3153,218.75
2024-07-30,2979,744,54.68
2024-07-31,4451,2308,182.95
2024-08-01,1964,1192,166.13
2024-08-02,788,758,439.62
2024-08-03,2141,608,280.35
2024-08-04,914,469,138.29
2024-08-05,2653,2416,485.65
2024-08-06,3818,104,30.91
2024-08-07,1738,1673,526.63
2024-08-08,4452,860,346.23
2024-08-09,4194,1846,244.67
2024-08-10,1098,931,570.89
2024-08-11,771,634,318.65
2024-08-12,4817,4401,168.74
2024-08-13,1856,889,428.57
2024-08-14,3344,2550,395.57
2024-08-15,3263,3153,513.62
2024-08-16,231,74,282.71
2024-08-17,4059,3505,470.7
2024-08-18,596,84,52.63
2024-08-19,2919,1653,584.31
2024-08-20,257,53,392.52
2024-08-21,1649,204,208.15
2024-08-22,4591,3760,124.58
2024-08-23,4722,443,382.45
2024-08-24,923,276,594.87
2024-08-25,3373,161,448.55
2024-08-26,2725,1216,501.49
2024-08-27,4245,2055,277.49
2024-08-28,407,255,302.75
2024-08-29,1706,732,48.95
2024-08-30,2885,2034,133.77
2024-08-31,793,722,358.56
2024-09-01,2336,881,475.57
2024-09-02,3050,2007,461.01
2024-09-03,4899,929,67.7
2024-09-04,4882,2589,109.14
2024-09-05,478,78,181.36
2024-09-06,3849,3324,483.46
2024-09-07,1137,472,258.64
2024-09-08,4320,1657,175.03
2024-09-09,3619,1397,591.11
2024-09-10,4235,1716,143.16
2024-09-11,323,73,494.9
2024-09-12,1518,218,109.03
2024-09-13,2931,1092,594.36
2024-09-14,1935,403,38.61
2024-09-15,2319,2104,498.5
2024-09-16,712,99,368.63
2024-09-17,4285,2653,440.36
2024-09-18,4965,4197,177.02
2024-09-19,3336,549,535.83
2024-09-20,1249,475,545.58
2024-09-21,3056,2430,566.08
2024-09-22,3501,3335,53.79
2024-09-23,180,99,443.32
2024-09-24,2457,338,302.56
2024-09-25,500,229,203.27
2024-09-26,1124,261,335.39
2024-09-27,1308,1114,82.26
2024-09-28,1357,326,220.11
2024-09-29,2955,1717,242.08
2024-09-30,3017,2555,404.12
2024-10-01,2464,2296,267.79
2024-10-02,1230,832,127.53
2024-10-03,2230,1585,159.0
2024-10-04,874,674,275.83
2024-10-05,2841,500,510.77
2024-10-06,3777,3546,394.4
2024-10-07,3312,1333,572.88
2024-10-08,2690,1804,352.36
2024-10-09,2619,351,87.71
2024-10-10,2644,960,544.14
2024-10-11,3600,1838,250.48
2024-10-12,600,221,420.03
2024-10-13,1549,1509,332.94
2024-10-14,3177,742,241.16
2024-10-15,278,102,257.24
2024-10-16,1200,649,523.41
2024-10-17,2395,678,393.52
2024-10-18,2899,2712,441.29
2024-10-19,3113,1345,129.46
2024-10-20,1057,1008,276.52
2024-10-21,1995,1618,413.55
2024-10-22,1053,148,67.48
2024-10-23,754,632,439.13
2024-10-24,1282,991,151.85
2024-10-25,3090,367,337.92
2024-10-26,3889,3148,105.38
2024-10-27,2091,76,286.22
2024-10-28,2083,438,309.62
2024-10-29,4751,2319,491.71
2024-10-30,4261,267,201.07
2024-10-31,212,137,334.9
2024-11-01,880,796,215.71
2024-11-02,4725,4477,255.48
2024-11-03,2419,197,234.28
2024-11-04,3204,1524,439.81
2024-11-05,2232,661,202.47
2024-11-06,3993,677,241.95
2024-11-07,3543,1016,302.0
2024-11-08,1262,881,110.05
2024-11-09,2259,1005,90.72
2024-11-10,734,604,63.55
2024-11-11,4842,486,594.74
2024-11-12,4662,4142,135.34
2024-11-13,3672,1433,175.35
2024-11-14,2405,679,123.03
2024-11-15,2123,1242,346.54
2024-11-16,2964,495,298.58
2024-11-17,4228,1911,229.33
2024-11-18,4344,1575,81.17
2024-11-19,3958,3153,529.88
2024-11-20,1058,323,89.64
2024-11-21,587,259,403.1
2024-11-22,1685,738,160.43
2024-11-23,509,307,528.33
2024-11-24,3011,965,521.84
2024-11-25,1709,372,208.43
2024-11-26,2172,384,483.43
2024-11-27,1916,478,172.41
2024-11-28,1693,742,303.74
2024-11-29,3590,1048,286.49
